{"cameraMode":{"drawMode":0,"name":"Shaded","section":"Shading Mode"},"sceneLighting":false,"audioPlay":false,"sceneViewState":{"showFog":true,"showMaterialUpdate":false,"showSkybox":true,"showFlares":true,"showImageEffects":true,"showParticleSystems":true},"in2DMode":false,"pivot":{"x":3.0999984741210939,"y":-4.0,"z":24.299999237060548},"rotation":{"x":0.0358954556286335,"y":0.07278648018836975,"z":-0.0026325725484639408,"w":0.9966979622840881},"size":67.76945495605469,"orthographic":false}