{"cameraMode":{"drawMode":0,"name":"Shaded","section":"Shading Mode"},"sceneLighting":false,"audioPlay":false,"sceneViewState":{"showFog":true,"showMaterialUpdate":false,"showSkybox":true,"showFlares":true,"showImageEffects":true,"showParticleSystems":true},"in2DMode":false,"pivot":{"x":-0.8912409543991089,"y":1.2562601566314698,"z":0.0},"rotation":{"x":0.06742016971111298,"y":-0.029032157734036447,"z":0.0019522608490660787,"w":0.9973003268241882},"size":255.57525634765626,"orthographic":false}