{"cameraMode":{"drawMode":0,"name":"Shaded","section":"Shading Mode"},"sceneLighting":false,"audioPlay":false,"sceneViewState":{"showFog":true,"showMaterialUpdate":false,"showSkybox":true,"showFlares":true,"showImageEffects":true,"showParticleSystems":true},"in2DMode":false,"pivot":{"x":2.1758975982666017,"y":-1.269852638244629,"z":0.34414589405059817},"rotation":{"x":0.06149813160300255,"y":0.2986195385456085,"z":-0.019298136234283448,"w":0.9521932601928711},"size":34.29409408569336,"orthographic":false}