{"cameraMode":{"drawMode":0,"name":"Shaded","section":"Shading Mode"},"sceneLighting":false,"audioPlay":false,"sceneViewState":{"showFog":true,"showMaterialUpdate":false,"showSkybox":true,"showFlares":true,"showImageEffects":true,"showParticleSystems":true},"in2DMode":false,"pivot":{"x":0.887999951839447,"y":-0.9745473861694336,"z":-0.0729999989271164},"rotation":{"x":0.08389975875616074,"y":0.005378619767725468,"z":-0.00046602392103523016,"w":0.9964596629142761},"size":5.599762916564941,"orthographic":false}